"identifier"	"source_phrase"	"context"	"labels"	"be"
"/Constellations/Name/1"	"Гурт"	"Lang.dat: Constellations.Name.1. Preserve every <tag> exactly. English reference: Gurt"	"Constellations"	""
"/Constellations/Name/10"	"Фаави"	"Lang.dat: Constellations.Name.10. Preserve every <tag> exactly. English reference: Faavi"	"Constellations"	""
"/Constellations/Name/11"	"Мергац"	"Lang.dat: Constellations.Name.11. Preserve every <tag> exactly. English reference: Mergaz"	"Constellations"	""
"/Constellations/Name/12"	"Айла"	"Lang.dat: Constellations.Name.12. Preserve every <tag> exactly. English reference: Ila"	"Constellations"	""
"/Constellations/Name/13"	"Перец"	"Lang.dat: Constellations.Name.13. Preserve every <tag> exactly. English reference: Perez"	"Constellations"	""
"/Constellations/Name/14"	"Эльта"	"Lang.dat: Constellations.Name.14. Preserve every <tag> exactly. English reference: Elta"	"Constellations"	""
"/Constellations/Name/15"	"Валгир"	"Lang.dat: Constellations.Name.15. Preserve every <tag> exactly. English reference: Valgir"	"Constellations"	""
"/Constellations/Name/16"	"Тамуто"	"Lang.dat: Constellations.Name.16. Preserve every <tag> exactly. English reference: Tamuto"	"Constellations"	""
"/Constellations/Name/17"	"Нароби"	"Lang.dat: Constellations.Name.17. Preserve every <tag> exactly. English reference: Narobi"	"Constellations"	""
"/Constellations/Name/18"	"Денвер"	"Lang.dat: Constellations.Name.18. Preserve every <tag> exactly. English reference: Denver"	"Constellations"	""
"/Constellations/Name/19"	"Реггет"	"Lang.dat: Constellations.Name.19. Preserve every <tag> exactly. English reference: Regget"	"Constellations"	""
"/Constellations/Name/2"	"Хиша"	"Lang.dat: Constellations.Name.2. Preserve every <tag> exactly. English reference: Hisha"	"Constellations"	""
"/Constellations/Name/20"	"Дицея"	"Lang.dat: Constellations.Name.20. Preserve every <tag> exactly. English reference: Dicea"	"Constellations"	""
"/Constellations/Name/3"	"Карагон"	"Lang.dat: Constellations.Name.3. Preserve every <tag> exactly. English reference: Karagon"	"Constellations"	""
"/Constellations/Name/4"	"Зондур"	"Lang.dat: Constellations.Name.4. Preserve every <tag> exactly. English reference: Zondur"	"Constellations"	""
"/Constellations/Name/5"	"Атланта"	"Lang.dat: Constellations.Name.5. Preserve every <tag> exactly. English reference: Atlanta"	"Constellations"	""
"/Constellations/Name/6"	"Таолис"	"Lang.dat: Constellations.Name.6. Preserve every <tag> exactly. English reference: Taolis"	"Constellations"	""
"/Constellations/Name/7"	"Кайо"	"Lang.dat: Constellations.Name.7. Preserve every <tag> exactly. English reference: Kio"	"Constellations"	""
"/Constellations/Name/8"	"Оника"	"Lang.dat: Constellations.Name.8. Preserve every <tag> exactly. English reference: Onika"	"Constellations"	""
"/Constellations/Name/9"	"Хоот"	"Lang.dat: Constellations.Name.9. Preserve every <tag> exactly. English reference: Hoot"	"Constellations"	""
