file	token
Pharaon.qmm.json	Арес
Pharaon.qmm.json	Вмаз
Pharaon.qmm.json	Зьвер
Pharaon.qmm.json	Зевс
Pharaon.qmm.json	Зема
Pharaon.qmm.json	Марс
Pharaon.qmm.json	Мерс
Pharaon.qmm.json	Анусптыс
Pharaon.qmm.json	Вэртэпопэс
Pharaon.qmm.json	Ептымат
Pharaon.qmm.json	Зампалёт
Pharaon.qmm.json	Мойхрэнэс
Pharaon.qmm.json	Рамзэц
Pharaon.qmm.json	Сэрэмтут
Kidnapped.qmm.json	VIGENERE
Kidnapped.qmm.json	kiiltgjtfjph kqxwzr
Kidnapped.qmm.json	virsle
Drugs.qmm.json	16, 13, 18, 1, 17, 30
Drugs.qmm.json	Пароль: Пароль
Losthero.qmm.json	195449
Piratesnest.qmm.json	gns://pelengessa.peleng/
Piratesnest.qmm.json	gns://bombinhome.maloc/
Piratesnest.qmm.json	gns://riaskaportal.peleng/
Piratesnest.qmm.json	createbomb
Piratesnest.qmm.json	hammerthor
Domoclan.qmm.json	ACCESS CARD;
Domoclan.qmm.json	ID = 2111;
Domoclan.qmm.json	OBJECT = LAB;
Domoclan.qmm.json	Аакси-Тоон
GLAVRED.qmm.json	КІВІМ
Feipsycho.qmm.json	Дедка
Feipsycho.qmm.json	Бабка
