id	ru	en	be_tarask	rejected_calque	notes	source
FormMain.New	Новая игра	New Game	Новая гульня		smoke test; same string in Eng+Rus Lang.dat	skarnik: игра→гульня
FormMain.Load	Загрузить	Load	Загрузіць		baked .gi + Lang.dat	Kamputerm/Skarnik
FormMain.Exit	Выход	Exit	Выйсьці		baked .gi + Lang.dat	spell-be-tarask
FormMain.Options	Настройки	Settings	Налады		GI: НАЛАДЫ	Kamputerm
FormMain.Score	Рекорды	Records	Рэкорды		GI: РЭКОРДЫ	Skarnik
FormMain.About	Об авторах	About	Пра аўтараў		GI: ПРА АЎТАРАЎ; пра not аб	Skarnik
FormMain.MsgExit	Выйти из программы?	Exit the program?	Выйсьці з праграмы?			spell-be-tarask
FormMain.LMods	Модификации	Modifications	Мадыфікацыі			spell-be-tarask
FormMain.LQuest	Текстовые квесты	Text Quests	Тэкставыя заданьні	квэсты	loanword avoided	Skarnik
FormMain.LRobot	Планетарные бои	Planetary Battles	Плянэтарныя баі			classical пля-/кля-
FormMain.LAB	Аркадные бои	Arcade Battles	Аркадныя баі		intentional loan; hunspell miss	game term
FormMain.Demo	Демонстрация	Demonstration	Дэманстрацыя			spell-be-tarask
FormMain.Help	Достижения	Achievements	Дасягненьні		GI FormMain3 Ach	Skarnik
FormMain.SubName	Доминаторы: Перезагрузка	Dominators: Reload	Дамінатары: Перазагрузка		race name lock pending polish	—
FormGameMenu.Resume	Продолжить (Esc)	Continue (Esc)	Працягнуць (Esc)			Skarnik
FormGameMenu.Save	Сохранить (F2)	Save (F2)	Захаваць (F2)			Skarnik
FormGameMenu.Load	Загрузить (F3)	Load (F3)	Загрузіць (F3)			Kamputerm/Skarnik
FormGameMenu.Settings	Настройки (C)	Settings (C)	Налады (C)			Kamputerm
FormGameMenu.Help	Справка (H)	Help (H)	Даведка (H)			Skarnik
FormGameMenu.Exit	Выход (E)	Exit (E)	Выхад (E)			Skarnik
FormGameMenu.QExit	Хотите завершить игру?	Do you want to quit the game?	Хочаце завяршыць гульню?			Skarnik
FormCfgSettings.Caption	Настройки	Settings	Налады			Kamputerm
FormCfgSettings.Ok	Применить	Apply	Ужыць			Kamputerm
FormCfgSettings.Cancel	Отменить	Cancel	Скасаваць			Skarnik
FormCfgSettings.Yes	Да	Yes	Так			Skarnik
FormCfgSettings.No	Нет	No	Не			Skarnik
FormCfgSettings.GGraph	Графика	Graphics	Графіка			Skarnik
FormCfgSettings.GMain	Общее	General	Агульнае			Skarnik
FormCfgSettings.GMod	Моды	Mods	Моды			loan OK
FormCfgSettings.GSound	Музыка	Music	Музыка			—
FormCfgSettings.HelpButOk	Принять	Accept	Прыняць			Skarnik
FormCfgSettings.HelpButCancel	Отменить	Cancel	Скасаваць			Skarnik
FormCfgSettings.HelpButAuto	Автоматически	Automatically	Аўтаматычна			Skarnik
FormCfgSettings.HelpAuto	Авто	Auto	Аўта			—
FormCfgSettings.HelpButMax	Высокое качество	High quality	Высокая якасьць			classical -сьць
FormCfgSettings.HelpButMiddle	Оптимальное качество	Optimal quality	Аптымальная якасьць			—
FormCfgSettings.HelpButMin	Низкое качество	Low quality	Нізкая якасьць			—
FormCfgSettings.Lang	Язык:	Language:	Мова:			Skarnik
FormCfgSettings.Window	Оконный режим	Windowed mode	Аконны рэжым			—
FormCfgSettings.Music	Музыка:	Music:	Музыка:			—
FormCfgSettings.Sound	Звуки:	Sounds:	Гукі:			Skarnik
FormCfgSettings.ModePlanet	Планетарные бои	Planetary Battles	Плянэтарныя баі			—
FormCfgSettings.ModeSpace	Космос	Space	Космас			—
FormSaveManager.AutoSave	Автоматическое сохранение	Autosave	Аўтаматычнае захаваньне			—
FormSaveManager.Cancel	Отменить	Cancel	Скасаваць			—
FormSaveManager.CaptionLoad	Загрузить игру	Load Game	Загрузіць гульню			—
FormSaveManager.CaptionSave	Сохранить игру	Save Game	Захаваць гульню			—
FormSaveManager.Delete	Удалить	Delete	Выдаліць			Skarnik
FormSaveManager.Load	Загрузить	Load	Загрузіць			—
FormSaveManager.LoadError	Ошибка загрузки игры	Load error	Памылка загрузкі гульні			—
FormSaveManager.Loading	З А Г Р У З К А	L O A D I N G	З А Г Р У З К А		spaced lettering	—
FormSaveManager.New	Новое сохранение	New save	Новае захаваньне			—
FormSaveManager.QueryDelete	Удалить сохраненную игру?	Delete saved game?	Выдаліць захаваную гульню?			—
FormSaveManager.QueryQuick	Загрузить быстрое сохранение?	Load quicksave?	Загрузіць хуткае захаваньне?			—
FormSaveManager.QueryQuickN	Загрузить быстрое сохранение N<Num>?	Load quicksave N<Num>?	Загрузіць хуткае захаваньне N<Num>?		keep <Num>	—
FormSaveManager.QuickNotExist	Быстрое сохранение отсутствует	Quicksave missing	Хуткае захаваньне адсутнічае			—
FormSaveManager.QuickNotExistN	Быстрое сохранение N<Num> отсутствует	Quicksave N<Num> missing	Хуткае захаваньне N<Num> адсутнічае		keep <Num>	—
FormSaveManager.Save	Сохранить	Save	Захаваць			—
FormSaveManager.SaveError	Ошибка сохранения игры	Save error	Памылка захаваньня гульні			—
FormSaveManager.SaveInPlanet	Планета <Planet>	Planet <Planet>	Плянэта <Planet>		keep <Planet>	classical пля-
FormSaveManager.SaveInSpace	Система <Star>	System <Star>	Сыстэма <Star>		keep <Star>	classical сы-
FormSaveManager.LoadDumpConfirm	существует текстовый дамп… ТР	text dump… RT	тэкставы дамп… ТР		ТР=табліца рэкордаў, not English RT	in-game dump dialog
FormCfgSettings.MaxSearchResult	поиск в ЦР	ranger DB search	пошук у ЦР		ЦР=цэнтар рэйнджэраў; keep abbr	settings tooltip
FormIntroduction.MCW4	Распределение квестов	Distributing quests	Разьмеркаваньне заданьняў	квэсты	quests→заданьні	Skarnik
FormMods.ButReset	Отключить все	Reset all	Адключыць усе		RU disable-all, not EN reset	mods screen
Race.Name.Kling	Доминаторы	Dominators	Дамінатары		race lock	—
Race.Name.Fei	Фэяне	Faeyans	Фэяне		race lock	source already э
Race.Name.Gaal	Гаальцы	Gaals	Гаальцы		race lock	—
Race.Name.Maloc	Малоки	Maloqs	Малокі		race lock	—
Race.Name.Peleng	Пеленги	Pelengs	Пеленгі		race lock	—
Race.Name.People	Люди	Humans	Людзі		race lock	Skarnik
FormGameSet2.Common.Char3	Торговец	Merchant	Гандляр	гандлёвец	personality class	Skarnik
FormGameSet2.Common.IronWill	Железная воля	Ironman	Жалезная воля		keep RU sense, not EN Ironman	new-game toggle
FormGameSet2.Common.HelpItem2	Двигатель	Engine	Рухавік		equipment lock	Skarnik
FormGameSet2.Common.HelpItem6	Захват	Gripper	Захоп		equipment lock	Skarnik
FormScore.LPlace	Место	Location	Месца		ranking place, not map location	records table
FormLoadQuest.Caption	Квесты: Быстрый запуск	Quests: Quick Launch	Заданьні: хуткі запуск	квэсты	quests→заданьні	—
lemma.game	игра	game	гульня		Crowdin glossary; гульні, гульняў	—
lemma.ranger	рейнджер	ranger	рэйнджэр		Crowdin glossary; рэйнджэра, рэйнджэру; pl рэйнджэры, рэйнджэраў	—
lemma.quest	квест	quest	заданьне	квэст	Crowdin glossary; never квэст; pl заданьні	—
lemma.dominator	доминатор	dominator	дамінатар		Crowdin glossary; pl дамінатары, дамінатараў	—
lemma.planet	планета	planet	плянэта		Crowdin glossary; плянэты, плянэце; pl плянэт	—
lemma.system	система	system	сыстэма		Crowdin glossary; сыстэмы, сыстэме; Starnik родны мн. сыстэм, not сыстэмаў	—
lemma.settings	настройки	settings	налады		Crowdin glossary	—
lemma.save	сохранение	save	захаваньне		Crowdin glossary; захаваньня, захаваньні	—
lemma.engine	двигатель	engine	рухавік		Crowdin glossary; рухавіка, рухавіку	—
lemma.gripper	захват	gripper	захоп		Crowdin glossary; not seizure	—
lemma.merchant	торговец	merchant	гандляр	гандлёвец	Crowdin glossary; гандляра, гандляру	—
lemma.coalition	коалиция	Coalition	Кааліцыя		Crowdin glossary; Кааліцыі, Кааліцыяй	—
lemma.hyper	гиперпространство	hyperspace	гіпэрпрастора		Crowdin glossary; у гіпэрпрасторы, not гіпер-	—
lemma.cr	ЦР	RD	ЦР		Crowdin glossary; цэнтар рэйнджэраў	—
lemma.rt	ТР	RT	ТР		Crowdin glossary; табліца рэкордаў, not English RT	—
lemma.government	правительство	government	урад		Starnik: родны ўрада, давальны ўраду, месны ўрадзе	—
lemma.cursor	курсор	cursor	курсор		Starnik: родны курсора, not курсору	—
lemma.center	центр	center	цэнтр		Starnik: родны цэнтра; да цэнтра	—
lemma.resolution	разрешение	resolution	разрознасьць		Kamputerm 2010: разрознасць, not разрозненне	—
lemma.charm	обаяние	charm	чары		Starnik: pluralia tantum; родны чараў	—
lemma.all_prep	у всех	at all	ва ўсіх		school + 2008: ва before у/ў; not у ва ўсіх	—
lemma.defend	защищать	defend	бараніць		Starnik: ён бароніць, not бараніць	—
lemma.conduct	поведение	conduct	паводзіны		Starnik: pluralia tantum; добрыя паводзіны, родны паводзін	—
lemma.door	дверь	door	дзьверы		2005 tarask; official дзверы	—
lemma.hole	дыра	hole	дзіра		Starnik: родны мн. дзір, not дзіраў	—
lemma.pilot	пилот	pilot	пілот		Starnik: пілот, not пілёт	—
lemma.autopilot	автопилот	autopilot	аўтапілот		Starnik	—
lemma.variant	вариант	variant	варыянт		Starnik: родны варыянта	—
lemma.contract	контракт	contract	кантракт		Starnik: родны кантракта	—
lemma.hold	трюм	hold	трум		Starnik: у труме, not трюме	—
lemma.award	награда	award	узнагарода		Starnik: родны мн. узнагарод	—
lemma.news	новость	news	навіна		Starnik: родны мн. навін	—
lemma.option	опция	option	опцыя		Starnik: родны мн. опцый	—
lemma.soul	душа	soul	душа		Starnik: родны мн. душ, not душаў	—
lemma.clump	сгусток	clump	згустак		Starnik	—
lemma.bridge	мостик	bridge	мосцік		Starnik: капітанскі мосцік	—
lemma.airlock	шлюз	airlock	шлюз		Starnik	—
lemma.missile	ракета	rocket	ракета		Starnik: ракетная зброя	—
lemma.skill	навык	skill	навык		Starnik: мн. навыкі	—
lemma.license	лицензия	license	ліцэнзія		Starnik	—
lemma.hull_pl	корпуса	hulls	карпусы		Starnik: ship/mech pl карпусы, родны карпусоў	—
lemma.droid	дроид	droid	дроід		Starnik	—
lemma.die	погибнуть	die	загінуць		Starnik	—
lemma.hull_skin	обшивка	hull plating	абшыўка		Starnik	—
lemma.klissan	клисан	klissan	клісан		game race; pl клісаны, клісанаў	—
lemma.makhpella	Махпелла	Makhpella	Махпэла		proper name; Махпэлы, Махпэлу, Махпэлай; pl Махпэлы, Махпэлаў	—
lemma.pirate	пират	pirate	пірат		already in UI; pl піраты, піратаў	—
lemma.warrior	воин	warrior	воін		already in FormGameSet2	—
lemma.asteroid	астероид	asteroid	астэроід		classical астэ-	—
lemma.bubble	пузырь	bubble	бурбалка		Klissan-war tech «бурбалка» скрыўленай прасторы	—
lemma.experience	опыт	experience	досьвед		already in FormShip; пунктаў досьведу	—
lemma.hangar	ангар	hangar	ангар		loan; у ангары, родны ангара	—
lemma.hyperjump	гиперпрыжок	hyperjump	гіпэрскок		matches FormGalaxy скок / скокнуць	—
lemma.pursuit	преследование	pursuit	перасьлед		Starnik перасьледваць; звычайны/баявы перасьлед	—
lemma.talk	разговор	talk	размова		already FormCfgSettings	—
lemma.endturn	Конец хода	End Turn	Канец ходу		ход already: хады, хадоў	—
lemma.trade_center	торговый центр	trade center	гандлёвы цэнтр		цэнтр not цэнтар	—
lemma.appear	появиться	appear	з'явіцца		user lock: apostrophe, not зьявіцца	—
lemma.money	деньги	money	грошы		pluralia tantum; G грошай (not грошаў — that is G of грош/coin); D грашам; I грашыма/грашамі; L грашах	Starnik
lemma.galactic_council	Галактический Совет	Galactic Council	Галяктычны савет		already FormRuinsSB; родны савета	—
lemma.blazer	Блазер	Blazer	Блазер		proper name lock; series блазероід	—
lemma.keller	Келлер	Keller	Келлер		proper name lock; G Келлера; series келероід	—
lemma.terron	Террон	Terron	Террон		proper name lock; series тераноід	—
lemma.dematerializer	Дематериализатор	Dematerializer	Дэматэрыялізатар		module name in <clr>	—
lemma.energotron	Энерготрон	Energotron	Энэргатрон		module name in <clr>	—
lemma.relations	отношение	attitude/relations	адносіны		Starnik: pluralia tantum; diplomatic/race standing. дачыненне = 'bearing on', not this UI. Types: Варожыя/Дрэнныя/Нармальныя/Добрыя/Выдатныя	Starnik
lemma.node	нод	node	нод		game term; pl ноды, G нодаў; нод-рахунак	—
lemma.micromodule	микромодуль	micromodule	мікрамодуль		pl мікрамодулі; built from nodes	—
lemma.rank	звание	rank	званьне		G званьня; да званьня; воінскае званьне, not чин	classical -ньне
lemma.afterburner	форсаж	afterburner	фарсаж		sense: фарсаж рухавіка (Starnik: паскарэнне працэсу); G фарсажу	https://starnik.by/pravapis/79635
lemma.camouflage	камуфляж	camouflage	камуфляж		Starnik 1=paint-mask; 2=figurative cover. Game chameleon=holographic cloak, keep loan. G камуфляжу	https://starnik.by/pravapis/32771
lemma.credit	кредит	loan	крэдыт		loan of money (not bookkeeping credit/debit). G крэдыту, L крэдыце	https://starnik.by/pravapis/37436
lemma.deposit	депозит	deposit	дэпазыт	дэпазіт	bank deposit; G дэпазыту; adj дэпазытны. Official Starnik дэпазіт; tarask hunspell дэпазыт	hunspell-be-tarask
lemma.fighter	истребитель	fighter	зьнішчальнік	істрэбіцель	1 person who destroys; 2 fighter aircraft; 3 fighter pilot. Rank Leader uses 1+3. G зьнішчальніка	https://starnik.by/pravapis/29600
lemma.cadet	кадет	cadet	кадэт		military-school pupil, not political ка-дэ. G кадэта, L кадэце	https://starnik.by/pravapis/31744
lemma.commodore	командор	commander	камандор	камандзір	yacht/squadron title, not камандзір. G камандора	https://starnik.by/pravapis/32384
lemma.opponent	противник	opponent	праціўнік	супернік	combat/military enemy (Starnik 2–3). супернік/сапернік=contest rival only. Older Tips/Skills/FormGov still have супернік — migrate when touched	https://starnik.by/pravapis/59618
lemma.under_cmd	под началом	under the command of	пад кіраўніцтвам	пад пачаткам	Skarnik: быть под началом → пад кіраўніцтвам / у падначаленні. пачатак=beginning	https://www.skarnik.by/rusbel/45371
lemma.alone	в одиночку	single-handed	у адзіночку	у адзінку	адзінка=unit/one item, not 'alone'	—
lemma.offend	обидеть	offend	пакрыўдзіць		perfective for 'могут и обидеть'; imperfective крыўдзіць=ongoing	—
lemma.aviator	летчик	aviator	лётчык		aircraft driver (Starnik). пілот=player/generic lock; use лётчык when RU says летчик	https://starnik.by/pravapis/39333
lemma.military_adj	военный	military	вайсковы	ваенны	вайсковая база (Svaboda + tarask lexicon). ваенны=official/narkama	—
lemma.score_point	очко	point	ачко		score unit (Starnik 2); G ачка, pl ачкі, Gpl ачкоў. ачкі воіна	https://starnik.by/pravapis/8051
lemma.skipper	шкипер	skipper	шкіпэр		shipmaster. Official Starnik шкіпер; tarask hunspell шкіпэр. G шкіпэра	hunspell-be-tarask; https://starnik.by/pravapis/85073
lemma.policy	полис	insurance policy	поліс	паліс	insurance document (not Greek polis). G поліса, L полісе	https://starnik.by/pravapis/57778
lemma.robbery	грабеж	robbery	рабунак	грабеж	native lemma; G рабунку. FormGov idiom 'это грабеж'→рабаваньне stays	https://starnik.by/pravapis/62348
lemma.cutthroat	головорез	cutthroat	галаварэз		pirate rank	—
lemma.raider	рейдер	raider	рэйдэр		pirate rank; not corporate raider	—
lemma.ataman	атаман	capo	атаман		pirate/cossack chief	—
lemma.constellations	созвездия	constellations	(transliterate)		proper names: keep RU shape; Кайо→Каё, Перец→Перэц, Денвер→Дэнвэр, Фаави→Фааві	—
